{"stats":{"minecraft:used":{"minecraft:redstone":1,"minecraft:stone_button":1,"minecraft:magenta_wool":2,"minecraft:written_book":3,"minecraft:pink_wool":2},"minecraft:custom":{"minecraft:jump":13,"minecraft:time_since_rest":1850992,"minecraft:crouch_one_cm":82,"minecraft:leave_game":3,"minecraft:play_time":1850992,"minecraft:sprint_one_cm":210,"minecraft:time_since_death":1850992,"minecraft:walk_one_cm":686,"minecraft:sneak_time":61651,"minecraft:total_world_time":2458854,"minecraft:fly_one_cm":1422892}},"DataVersion":3700}