{"stats":{"minecraft:killed":{"minecraft:snow_golem":3},"minecraft:picked_up":{"minecraft:carved_pumpkin":14,"minecraft:snowball":32},"minecraft:used":{"minecraft:glass":4,"minecraft:snow_golem_spawn_egg":11,"minecraft:oak_door":1,"minecraft:torch":2,"minecraft:netherite_sword":3,"minecraft:black_concrete":1,"minecraft:snow":19,"minecraft:spruce_door":4,"minecraft:snow_block":156,"minecraft:spruce_wood":6,"minecraft:carved_pumpkin":3,"minecraft:ladder":3,"minecraft:campfire":2,"minecraft:light_blue_stained_glass":17,"minecraft:snowball":16},"minecraft:custom":{"minecraft:open_barrel":7,"minecraft:time_since_rest":41872,"minecraft:open_chest":2,"minecraft:crouch_one_cm":4961,"minecraft:play_time":41872,"minecraft:sprint_one_cm":40217,"minecraft:walk_one_cm":34597,"minecraft:sneak_time":1628,"minecraft:mob_kills":3,"minecraft:interact_with_lectern":1,"minecraft:jump":469,"minecraft:damage_dealt":100,"minecraft:leave_game":1,"minecraft:time_since_death":41872,"minecraft:climb_one_cm":436,"minecraft:total_world_time":41872,"minecraft:fly_one_cm":677315,"minecraft:fall_one_cm":627}},"DataVersion":3700}