{"stats":{"minecraft:used":{"minecraft:redstone":1,"minecraft:stone_button":1,"minecraft:magenta_wool":2,"minecraft:written_book":3,"minecraft:pink_wool":2},"minecraft:custom":{"minecraft:jump":13,"minecraft:time_since_rest":1667722,"minecraft:crouch_one_cm":82,"minecraft:leave_game":2,"minecraft:sprint_one_cm":210,"minecraft:play_time":1667722,"minecraft:time_since_death":1667722,"minecraft:walk_one_cm":627,"minecraft:sneak_time":45039,"minecraft:total_world_time":2232335,"minecraft:fly_one_cm":1059995}},"DataVersion":3700}