{"stats":{"minecraft:picked_up":{"minecraft:redstone_torch":1,"minecraft:written_book":2,"minecraft:snowball":1},"minecraft:used":{"minecraft:oak_log":4,"minecraft:lever":6,"minecraft:redstone_lamp":1,"minecraft:cherry_hanging_sign":1,"minecraft:lime_concrete":27,"minecraft:spruce_door":2,"minecraft:written_book":360,"minecraft:redstone":1,"minecraft:cherry_sign":11,"minecraft:dragon_head":15,"minecraft:creeper_head":3,"minecraft:snowball":70,"minecraft:powder_snow_bucket":91},"minecraft:dropped":{"minecraft:written_book":3,"minecraft:snowball":1},"minecraft:custom":{"minecraft:time_since_rest":244298,"minecraft:crouch_one_cm":213,"minecraft:sprint_one_cm":7638,"minecraft:play_time":2623926,"minecraft:deaths":1,"minecraft:walk_one_cm":52634,"minecraft:sneak_time":51003,"minecraft:drop":4,"minecraft:interact_with_lectern":1,"minecraft:jump":174,"minecraft:leave_game":9,"minecraft:time_since_death":243713,"minecraft:interact_with_beacon":1,"minecraft:total_world_time":2623926,"minecraft:talked_to_villager":7,"minecraft:fly_one_cm":1413244}},"DataVersion":3700}