{"stats":{"minecraft:picked_up":{"minecraft:rotten_flesh":5,"minecraft:written_book":2,"minecraft:spruce_door":1},"minecraft:used":{"minecraft:redstone_torch":1,"minecraft:oak_trapdoor":20,"minecraft:cobblestone_stairs":26,"minecraft:cobblestone":691,"minecraft:spruce_door":10,"minecraft:written_book":4,"minecraft:polished_andesite":265,"minecraft:spruce_slab":396,"minecraft:spruce_stairs":175,"minecraft:polished_andesite_stairs":225,"minecraft:ladder":11,"minecraft:iron_golem_spawn_egg":10,"minecraft:spruce_planks":670,"minecraft:spruce_fence":51,"minecraft:spruce_log":90,"minecraft:stripped_spruce_log":109,"minecraft:cobblestone_slab":8,"minecraft:polished_andesite_slab":93},"minecraft:custom":{"minecraft:time_since_rest":223606,"minecraft:open_chest":1,"minecraft:crouch_one_cm":215,"minecraft:sprint_one_cm":1752,"minecraft:play_time":227727,"minecraft:deaths":1,"minecraft:damage_taken":1824,"minecraft:walk_one_cm":162458,"minecraft:sneak_time":4450,"minecraft:jump":318,"minecraft:damage_dealt":0,"minecraft:leave_game":6,"minecraft:time_since_death":223497,"minecraft:climb_one_cm":2165,"minecraft:total_world_time":227727,"minecraft:damage_resisted":1298,"minecraft:fall_one_cm":18133,"minecraft:fly_one_cm":816277}},"DataVersion":3700}