{"stats":{"minecraft:killed_by":{"minecraft:zombie":1},"minecraft:picked_up":{"minecraft:pink_stained_glass":1,"minecraft:feather":2,"minecraft:chicken":1,"minecraft:redstone_lamp":1,"minecraft:potato":1,"minecraft:carrot":1,"minecraft:redstone":1,"minecraft:rotten_flesh":242,"minecraft:black_concrete":1,"minecraft:campfire":1,"minecraft:iron_ingot":63,"minecraft:carved_pumpkin":1,"minecraft:redstone_torch":1,"minecraft:written_book":1,"minecraft:poppy":18},"minecraft:killed":{"minecraft:zombie":131,"minecraft:chicken":1,"minecraft:iron_golem":14,"minecraft:villager":5},"minecraft:used":{"minecraft:redstone_torch":6,"minecraft:lever":1,"minecraft:black_concrete":2,"minecraft:cherry_hanging_sign":1,"minecraft:villager_spawn_egg":66,"minecraft:redstone":1,"minecraft:zombie_spawn_egg":199,"minecraft:cherry_sign":7,"minecraft:beacon":16,"minecraft:rotten_flesh":7,"minecraft:netherite_boots":2,"minecraft:fishing_rod":68,"minecraft:redstone_lamp":5,"minecraft:written_book":112,"minecraft:diamond_helmet":1,"minecraft:golden_chestplate":2,"minecraft:campfire":1,"minecraft:potato":1,"minecraft:pink_stained_glass":4,"minecraft:acacia_button":2,"minecraft:powder_snow_bucket":18,"minecraft:iron_leggings":1},"minecraft:dropped":{"minecraft:golden_boots":1,"minecraft:iron_ingot":9,"minecraft:redstone_lamp":1,"minecraft:lever":1,"minecraft:powder_snow_bucket":1,"minecraft:golden_chestplate":2,"minecraft:repeater":1,"minecraft:iron_chestplate":1,"minecraft:netherite_boots":2,"minecraft:diamond_helmet":1,"minecraft:carved_pumpkin":1,"minecraft:rotten_flesh":15,"minecraft:redstone_torch":2,"minecraft:iron_leggings":1,"minecraft:beacon":1,"minecraft:cherry_hanging_sign":1,"minecraft:fishing_rod":1,"minecraft:written_book":6,"minecraft:dragon_breath":1,"minecraft:acacia_button":1,"minecraft:redstone":2},"minecraft:custom":{"minecraft:time_since_rest":2182214,"minecraft:sprint_one_cm":230350,"minecraft:damage_taken":690,"minecraft:walk_one_cm":147055,"minecraft:mob_kills":151,"minecraft:drop":52,"minecraft:damage_dealt":36745,"minecraft:interact_with_beacon":2,"minecraft:talked_to_villager":2,"minecraft:fly_one_cm":4839473,"minecraft:open_chest":2,"minecraft:open_barrel":1,"minecraft:crouch_one_cm":2768,"minecraft:play_time":3271103,"minecraft:deaths":3,"minecraft:sneak_time":113135,"minecraft:damage_dealt_resisted":56,"minecraft:jump":3272,"minecraft:leave_game":14,"minecraft:time_since_death":2182187,"minecraft:total_world_time":3271103,"minecraft:climb_one_cm":460,"minecraft:damage_resisted":377819,"minecraft:fall_one_cm":3545273}},"DataVersion":3700}