{"stats":{"minecraft:killed":{"minecraft:snow_golem":8},"minecraft:used":{"minecraft:oak_door":1,"minecraft:snow_golem_spawn_egg":19,"minecraft:glass":4,"minecraft:torch":2,"minecraft:netherite_sword":8,"minecraft:black_concrete":1,"minecraft:snow":19,"minecraft:spruce_door":4,"minecraft:written_book":5,"minecraft:snow_block":156,"minecraft:spruce_wood":6,"minecraft:carved_pumpkin":3,"minecraft:ladder":3,"minecraft:campfire":2,"minecraft:zombie_spawn_egg":6,"minecraft:snowball":116,"minecraft:light_blue_stained_glass":17},"minecraft:picked_up":{"minecraft:rotten_flesh":2,"minecraft:carved_pumpkin":14,"minecraft:written_book":1,"minecraft:snowball":53},"minecraft:custom":{"minecraft:open_barrel":7,"minecraft:time_since_rest":140942,"minecraft:open_chest":2,"minecraft:crouch_one_cm":5309,"minecraft:sprint_one_cm":43936,"minecraft:play_time":140942,"minecraft:walk_one_cm":37780,"minecraft:sneak_time":5044,"minecraft:mob_kills":8,"minecraft:interact_with_lectern":1,"minecraft:jump":542,"minecraft:damage_dealt":300,"minecraft:leave_game":1,"minecraft:time_since_death":140942,"minecraft:climb_one_cm":436,"minecraft:total_world_time":140942,"minecraft:target_hit":1,"minecraft:fall_one_cm":627,"minecraft:fly_one_cm":909511}},"DataVersion":3700}