{"stats":{"minecraft:killed":{"minecraft:iron_golem":1},"minecraft:crafted":{"minecraft:firework_star":4,"minecraft:firework_rocket":12},"minecraft:used":{"minecraft:redstone_torch":2,"minecraft:oak_fence":1,"minecraft:netherite_sword":2,"minecraft:lever":1,"minecraft:spruce_door":1,"minecraft:villager_spawn_egg":4,"minecraft:command_block":2,"minecraft:snow_block":99,"minecraft:lantern":11,"minecraft:dark_oak_sign":2,"minecraft:carved_pumpkin":5,"minecraft:red_stained_glass":1,"minecraft:oak_stairs":4,"minecraft:spruce_slab":90,"minecraft:dispenser":5,"minecraft:redstone":91,"minecraft:oak_sign":1,"minecraft:iron_golem_spawn_egg":6,"minecraft:chest":8,"minecraft:spruce_planks":3,"minecraft:spruce_trapdoor":23,"minecraft:diamond_axe":14,"minecraft:cobblestone_slab":6,"minecraft:barrel":13,"minecraft:snow_golem_spawn_egg":25,"minecraft:spruce_hanging_sign":2,"minecraft:orange_stained_glass":1,"minecraft:fishing_rod":10,"minecraft:repeater":23,"minecraft:target":2,"minecraft:hay_block":13,"minecraft:written_book":142,"minecraft:red_bed":2,"minecraft:crafting_table":9,"minecraft:furnace":7,"minecraft:spruce_stairs":33,"minecraft:pink_stained_glass":2,"minecraft:campfire":4,"minecraft:spruce_fence":33,"minecraft:snowball":10,"minecraft:spruce_log":117,"minecraft:stripped_spruce_wood":4,"minecraft:milk_bucket":1,"minecraft:brown_bed":14},"minecraft:dropped":{"minecraft:spruce_door":1,"minecraft:written_book":2,"minecraft:shears":1},"minecraft:picked_up":{"minecraft:spruce_door":1,"minecraft:rotten_flesh":3,"minecraft:lever":1,"minecraft:shears":1,"minecraft:iron_ingot":5,"minecraft:carved_pumpkin":7,"minecraft:poppy":1,"minecraft:snowball":23},"minecraft:custom":{"minecraft:time_since_rest":113885,"minecraft:sprint_one_cm":38496,"minecraft:damage_taken":2479,"minecraft:walk_one_cm":267038,"minecraft:mob_kills":2,"minecraft:drop":4,"minecraft:damage_dealt":419,"minecraft:talked_to_villager":2,"minecraft:interact_with_crafting_table":8,"minecraft:fly_one_cm":6386020,"minecraft:open_barrel":2,"minecraft:open_chest":6,"minecraft:crouch_one_cm":2596,"minecraft:play_time":3282305,"minecraft:deaths":2,"minecraft:sneak_time":146379,"minecraft:jump":396,"minecraft:leave_game":12,"minecraft:time_since_death":113092,"minecraft:climb_one_cm":1036,"minecraft:total_world_time":3282305,"minecraft:damage_resisted":86,"minecraft:fall_one_cm":22717,"minecraft:inspect_dispenser":4}},"DataVersion":3700}